term,value
intercept,-0.001832306856468513
coef_pca1,0.01426406494305837
coef_pca2,-0.002397164690908893
coef_creator_avg_popularity,1.0003027356332703
r2_score,0.3619444228266363
