term,value
intercept,1.3658483566458095
slope_age,1.7076400669329497e-06
r2_score,0.05922455590470088
