term,value
intercept,6.052498137
slope_pca1,-0.027671909
r2_score,0.000130771
